service,year,quarter,tiles,tests,devices,pop_weight,area_km2,d_mean_tile,d_median_tile,d_mean_pop,d_median_pop,d_p10_pop,d_p90_pop,u_median_pop,lat_median_pop,pct_above_bb,pct_above_hi,divide_ratio,period
fixed,2024,2,563.0,4373.0,1585.0,1410283.390007019,210.27218207789826,41.44833214920071,34.194,42.30168897541724,35.812577952933026,7.705240093775943,80.36438641658842,10.288502595083413,9.0,86.44366106933501,66.12279940160968,10.429835467619537,2024 Q2
mobile,2024,2,861.0,13440.0,1890.0,1794378.3612098694,321.56259866605996,28.240737514518003,20.907,27.66798180265596,20.011675378741014,2.4180490954914116,62.36644128772889,8.165966363554164,22.0,68.3335606535353,41.99734225815663,25.792049220181106,2024 Q2
fixed,2024,3,553.0,4147.0,1548.0,1382380.8871283531,206.54038951103084,46.14271971066908,38.899,44.83962551832453,41.10164229011754,7.677992147954573,78.58671021794241,10.193807942388682,7.291660246800216,87.64233777359489,74.80230618307117,10.235320472277118,2024 Q3
mobile,2024,3,794.0,7138.0,1552.0,1703918.6221504211,296.55292754058814,24.213469773299746,13.464,24.632199294238173,14.829572210202262,1.7717141877927256,64.27329364450871,8.514600076235132,22.0,60.00604035266417,32.85085218098336,36.277461730203235,2024 Q3
fixed,2024,4,592.0,4027.0,1655.0,1533134.216991663,221.11031403839849,46.95578885135135,38.5115,48.26747437788301,41.25878647276272,7.6640074262151945,94.95007838238249,10.12752507449771,9.0,87.2283139736207,73.16441082325532,12.389090080680257,2024 Q4
mobile,2024,4,663.0,3614.0,1151.0,1420123.3672866821,247.61673361001357,24.75608898944193,15.408,26.309610257825998,17.286611794130096,2.3122331134120535,60.24413235312375,7.795311007417508,23.0,64.80685356537153,37.576112556310804,26.054523656667264,2024 Q4
fixed,2025,1,562.0,3905.0,1659.0,1417849.770433426,209.90017524305378,60.261514234875456,48.364999999999995,58.719859645691365,48.31493966982843,13.26271966338439,109.69252191765737,12.02763179231844,7.0,93.43859067779185,82.8646673053823,8.270741198013527,2025 Q1
mobile,2025,1,823.0,7182.0,1772.0,1769434.7173054218,307.3809986328881,44.58300243013366,23.606,43.768646396388945,25.34915061514755,2.309166568203183,109.2404058016729,11.717704269690884,21.0,70.63285262802214,50.727727498214314,47.30728709911795,2025 Q1
fixed,2025,2,786.0,6305.0,2267.0,1719002.0323748589,293.57397676640795,47.96154071246819,39.7025,50.277685246778105,42.6718314756672,7.570563909065136,100.13608297218366,11.33969477686553,9.0,85.95101665538697,72.94086406976338,13.22703092860478,2025 Q2
mobile,2025,2,815.0,5548.0,1656.0,1674345.5333020687,304.4059838106982,32.11146871165644,21.165,36.16852018648252,26.373970921907034,4.520915531742023,78.61554683976169,10.632053031303897,20.0,77.97402102571252,52.7531920200143,17.389297872917595,2025 Q2
fixed,2025,3,860.0,6802.0,2572.0,1791294.1696491241,321.2099204399764,50.954748837209294,39.427,51.651101529400364,43.90638558237167,7.19135460777483,100.51919870785794,12.308546857549258,11.0,85.93890778470423,72.20611852250974,13.977783629134773,2025 Q3
mobile,2025,3,730.0,4354.0,1279.0,1586832.2065854073,272.6501689615248,33.479668493150676,19.442999999999998,38.3114776527125,22.012500525238345,4.465218185668667,77.77695366916866,10.455553350610764,20.0,76.507227148591,46.27212782441941,17.41839937828739,2025 Q3
fixed,2025,4,825.0,6328.0,2454.0,1780590.718389988,308.13202679933477,55.33471151515152,41.825,55.910616348822195,45.7456130088096,10.138835769541675,108.36248226928697,12.726801842430163,11.0,89.97240278458818,75.13775177546007,10.68786246590771,2025 Q4
mobile,2025,4,741.0,3739.0,1291.0,1629978.8495025635,276.75362924099096,37.5759689608637,24.516,38.11836631546208,26.156019401841906,4.742585360956634,80.9122597047125,11.77388019800202,21.0,77.98912879316534,52.48164255249298,17.060791434735833,2025 Q4
fixed,2026,1,812.0,7112.0,2390.0,1753091.250291407,303.2638052334614,60.6457290640394,42.8065,55.76304716921774,43.95765207961301,10.322168043441211,109.33208313141255,13.298830058620823,11.0,90.11818163455692,75.70908479341533,10.591968922738381,2026 Q1
mobile,2026,1,690.0,3407.0,1153.0,1589109.2008628845,257.694216113869,38.118413043478256,25.848,40.81681759771279,27.251159306432967,5.005202205020911,90.79512948394768,10.470317538260332,20.0,80.78986179389189,52.236739522997546,18.140152138682346,2026 Q1
fixed,2026,2,1054.0,8020.0,2598.0,1923183.0352769494,393.6481642067412,51.0522220113852,34.045500000000004,52.74745600125092,38.92439930952473,7.215759281636873,112.46225406305402,12.771596472223024,15.0,85.68782902387022,67.3031367143812,15.585643821192203,2026 Q2
mobile,2026,2,935.0,5253.0,1454.0,1801993.9310970306,349.1988041647729,36.7109614973262,23.748,40.57946983236642,25.205120833685267,5.277196462036918,85.80598138602979,8.84470232504422,20.0,79.78022405069606,50.56102182803116,16.25976633678519,2026 Q2
