Corridor,Alternative,Class,Added veh/h,v/c after,Spare cap. veh/h
Link Kimihurura – Kuri Station,Link Prince House – Kwa Gatera,primary,1137.4856971486302,2.463038441276767,0.0
Link Kimihurura – Kuri Station,Link Prince House – Kimihurura,primary,981.9691583324814,1.951853457991278,0.0
Link Kimihurura – Kuri Station,Link Kimironko – Kinyinya,primary,704.0250184526119,1.8158972743325448,0.0
Link Prince House – Kwa Gatera,Link Kimihurura – Kuri Station,primary,1228.9170277862572,2.519797027325188,0.0
Link Prince House – Kwa Gatera,Link Fruits shop – Gahanga 1,primary,630.0391433424284,1.4535320412097865,0.0
Link Prince House – Kwa Gatera,Link Prince House – Kimihurura,primary,594.710187741101,1.6484835408038916,0.0
Link Gisozi 1 – Kigali CBD Bus Station,Link Jali 1 – Kigali CBD Bus Station,primary,1668.5172513315104,2.223801823480992,0.0
Link Gisozi 1 – Kigali CBD Bus Station,Link Jali 1 – Gisozi 1,primary,1279.3739740474255,1.3252651254972183,0.0
Link Gisozi 1 – Kigali CBD Bus Station,Link Kimironko – Kinyinya,primary,410.6409346452192,1.5714105378263843,0.0
Link Kigali CBD Bus Station – Nyamirambo 2,Link Kigali CBD Bus Station – Kuri Station,primary,1530.6622294616948,2.30670266900515,0.0
Link Kigali CBD Bus Station – Nyamirambo 2,Link Nyamirambo 2 – Kuri Station,primary,911.6190986929647,1.5987020336560795,0.0
Link Kigali CBD Bus Station – Nyamirambo 2,Link Kimironko – Kinyinya,primary,476.51188033627886,1.6263029925689338,0.0
Link Bumbogo 3 – Kimironko,Link Kinyinya – Bumbogo 1,primary,843.9630197175036,1.4276932592755915,160.89211479346432
Link Bumbogo 3 – Kimironko,Link Kimironko – Kinyinya,primary,438.617383242148,1.4724874071873109,0.0
Link Bumbogo 3 – Kimironko,Link Bumbogo 3 – Bumbogo 1,primary,419.5962448574756,0.9355726534772955,77.31281582724557
Link Gisozi 2 – Kimihurura,Link Kinyinya – Gisozi 2,primary,961.4508928228436,1.8832861532515908,0.0
Link Gisozi 2 – Kimihurura,Link Kimironko – Kinyinya,primary,923.3201402254915,1.998643209143278,0.0
Link Gisozi 2 – Kimihurura,Link Kinyinya – Kimihurura,primary,594.7474648529147,1.2919191697117562,243.36156531419368
