From,To,Vehicles/h,Free-flow min
Gisozi 1,Kigali CBD Bus Station,615.4861989136517,5.9841705869183635
Nyamirambo 2,Kigali CBD Bus Station,555.2733495773778,5.50391863357034
Kigali CBD Bus Station,Gisozi 1,422.73522046233114,5.9841705869183635
Kwa Gatera,Prince House,389.3630458689377,6.970432116736447
Kabuga,Masaka 2,379.0872994641907,7.748332562468711
Kigali 1,Kigali CBD Bus Station,367.7183179870983,10.084874066602941
Gisozi 2,Kimihurura,366.874658642675,8.913007612393033
Kigali CBD Bus Station,Nyamirambo 2,362.1556322558681,5.50391863357034
Nyamirambo 1,Nyamirambo 2,353.2603813499929,6.925015684169091
Nyamirambo 1,Kigali CBD Bus Station,332.77329641905345,12.428934317739431
Kimironko,Prince House,330.2876610537547,6.547961019296658
Gisozi 1,Gisozi 2,329.1604956685845,7.622223542464069
Gisozi 2,Gisozi 1,328.9962053268484,7.622223542464069
Nyamirambo 2,Kuri Station,301.4324838535617,7.0352871266908545
Rubirizi,Prince House,298.533711639516,7.837552197405066
Gatsata / Karuruma,Gisozi 1,291.7321855719768,9.332080500605324
Nyamirambo 1,Kigarama,290.955066296262,7.142521292270414
Kinyinya,Kimihurura,272.4434894956092,9.158631641322808
Bumbogo 3,Kimironko,271.30091626126807,7.9947185510392895
Kuri Station,Kimihurura,271.0088892271084,7.459541242710885
Nyamirambo 2,Nyamirambo 1,263.9367987443537,6.925015684169091
Masaka 1,Masaka 2,256.1334707672374,10.878065540303506
Kigali CBD Bus Station,Kuri Station,252.52207273745344,9.43837557183469
Nyamirambo 1,Kuri Station,248.25003987047322,10.781408268379659
Gatsata / Karuruma,Gisozi 2,246.8621009364081,9.261033486643592
Kwa Gatera,Kuri Station,244.4348616964685,7.931121718617616
Gisozi 2,Kigali CBD Bus Station,241.18876870349845,13.606394129382434
Gisozi 2,Kinyinya,236.8599821887302,7.657047872185786
Masaka 2,Murindi,235.2711994827763,10.18152464994581
Kuri Station,Kigali CBD Bus Station,233.72997126962164,9.43837557183469
Murindi,Rubirizi,232.21784615003995,9.85547794352805
Nyamirambo 2,Gisozi 1,228.85593804607913,11.488089220488703
Jali 1,Gisozi 1,226.0667840269358,8.48396016383588
Prince House,Kimihurura,225.89651349036768,7.699527413055821
Kigali 1,Nyamirambo 2,221.21046658167003,10.260421049559485
Nduba 2,Gisozi 2,220.99141687639823,10.07691603121672
Gisozi 1,Nyamirambo 2,217.32039488287268,11.488089220488703
Ndera,Murindi,215.59929434226473,11.479439986841783
Nyamirambo 2,Kimihurura,214.96414560458686,14.49482836940174
Gatsata / Karuruma,Kigali CBD Bus Station,213.87032886711395,15.316251087523687
