From,To,Best km,Best min,Free-flow min,Congestion delay min,Best via,Alt km,Alt min,Alt extra min,Alt via
Gisozi 1,Kigali CBD Bus Station,2.9920852934591817,13.64035762360045,5.9841705869183635,7.656187036682086,Link Gisozi 1 – Kigali CBD Bus Station,10.616968584217808,23.777806957526607,10.137449333926158,Link Jali 1 – Gisozi 1 → Link Jali 1 – Kigali CBD Bus Station
Nyamirambo 2,Kigali CBD Bus Station,2.75195931678517,9.923886983879285,5.50391863357034,4.419968350308945,Link Kigali CBD Bus Station – Nyamirambo 2,8.236831349262772,19.68722448835926,9.763337504479974,Link Nyamirambo 2 – Kuri Station → Link Kigali CBD Bus Station – Kuri Station
Kigali CBD Bus Station,Gisozi 1,2.9920852934591817,11.046306540928645,5.9841705869183635,5.062135954010282,Link Gisozi 1 – Kigali CBD Bus Station,10.616968584217808,21.48721840819823,10.440911867269586,Link Jali 1 – Kigali CBD Bus Station → Link Jali 1 – Gisozi 1
Kwa Gatera,Prince House,3.4852160583682235,17.29665127127357,6.970432116736447,10.326219154537124,Link Prince House – Kwa Gatera,11.54509518719216,37.94316115868469,20.646509887411117,Link Kuri Station – Kwa Gatera → Link Kimihurura – Kuri Station → Link Prince House – Kimihurura
Kabuga,Masaka 2,3.874166281234355,7.79537688383121,7.748332562468711,0.04704432136249892,Link Kabuga – Masaka 2,3.874166281234355,7.79537688383121,0.0,(no distinct alternative)
Kigali 1,Kigali CBD Bus Station,5.0424370333014705,10.584559250440464,10.084874066602941,0.4996851838375225,Link Kigali CBD Bus Station – Kigali 1,7.882169841564912,20.33728886398233,9.752729613541867,Link Kigali 1 – Nyamirambo 2 → Link Kigali CBD Bus Station – Nyamirambo 2
Gisozi 2,Kimihurura,4.456503806196516,14.137187887642819,8.913007612393033,5.224180275249786,Link Gisozi 2 – Kimihurura,8.407839756754298,21.774140698494744,7.636952810851925,Link Kinyinya – Gisozi 2 → Link Kinyinya – Kimihurura
Kigali CBD Bus Station,Nyamirambo 2,2.75195931678517,8.277593841393255,5.50391863357034,2.773675207822915,Link Kigali CBD Bus Station – Nyamirambo 2,8.236831349262772,18.003510922960274,9.725917081567019,Link Kigali CBD Bus Station – Kuri Station → Link Nyamirambo 2 – Kuri Station
Nyamirambo 1,Nyamirambo 2,3.4625078420845457,7.654946539157263,6.925015684169091,0.7299308549881713,Link Nyamirambo 2 – Nyamirambo 1,8.17239556486187,16.764570025958257,9.109623486800995,Link Nyamirambo 1 – Kigarama → Link Kigarama – Nyamirambo 2
Nyamirambo 1,Kigali CBD Bus Station,6.214467158869716,17.578833523036547,12.428934317739431,5.149899205297116,Link Nyamirambo 2 – Nyamirambo 1 → Link Kigali CBD Bus Station – Nyamirambo 2,10.109891920107174,22.2518816906148,4.673048167578251,Link Nyamirambo 1 – Kuri Station → Link Kigali CBD Bus Station – Kuri Station
Kimironko,Prince House,3.273980509648329,10.667036428007032,6.547961019296658,4.119075408710374,Link Prince House – Kimironko,8.374011162600654,20.524766495839216,9.857730067832184,Link Rubirizi – Kimironko → Link Rubirizi – Prince House
Gisozi 1,Gisozi 2,3.8111117712320346,10.531551691415048,7.622223542464069,2.909328148950979,Link Gisozi 2 – Gisozi 1,9.296556993624458,19.57535918072804,9.043807489312991,Link Gatsata / Karuruma – Gisozi 1 → Link Gisozi 2 – Gatsata / Karuruma
